{
    success: true,
    data: [
        {
            "boardId": 11,
            "boardName": "ExtJS Q&A",
            "openYn": "Y",
            "createDate": '2013-12-03',
            "contents": [
                {
                    "contentId": 1,
                    "subject": "ExtJS에 대한 1번 질문입니다.",
                    "content":"Model에 대한 궁금증.",
                    "createEmail":"extjs1@mail.com",
                    "createDate": '2013-12-03'
                },
                {
                    "contentId": 2,
                    "subject": "ExtJS에 대한 2번 질문입니다.",
                    "content":"Model에 대한 궁금증.",
                    "createEmail":"extjs1@mail.com",
                    "createDate": '2013-12-13'
                },
                {
                    "contentId": 3,
                    "subject": "ExtJS에 대한 3번 질문입니다.",
                    "content":"Model에 대한 궁금증.",
                    "createEmail":"extjs1@mail.com",
                    "createDate": '2013-12-02'
                }
            ]
        }
    ]
}