{entitys: [
    {
        "Title": "ExtJS4CookBook",
        "Publisher": "PacktPublishing",
        "ISBN": "978-1-849516-86-0",
        "PublishDate": "01-01-2012",
        "NumberOfPages": 300,
        "Read": false,
        "book_id": 1,
        "authors": [
            {
                "author_id": 1,
                "Title": "Mr",
                "FirstName": "Andrew",
                "LastName": "Duncan"
            },
            {
                "author_id": 2,
                "Title": "Mr",
                "FirstName": "Stuart",
                "LastName": "Ashworth"
            }
        ]
    },
    {
        "Title": "ExtJS4CookBook222",
        "Publisher": "122",
        "ISBN": "978-1-849516-86-0",
        "PublishDate": "01-01-2012",
        "NumberOfPages": 300,
        "Read": false,
        "book_id": 2,
        "authors": [
            {
                "author_id": 3,
                "Title": "Mr2",
                "FirstName": "Andrew2",
                "LastName": "Duncan2"
            },
            {
                "author_id": 4,
                "Title": "Mr",
                "FirstName": "Stuart2",
                "LastName": "Ashworth2"
            }
        ]
    }
],
    total : 100,
success: true
}